{
  "Reptiles" : {
    "transaction" : "Reptiles",
    "sampleCount" : 50,
    "errorCount" : 0,
    "errorPct" : 0.0,
    "meanResTime" : 3.68,
    "medianResTime" : 2.0,
    "minResTime" : 1.0,
    "maxResTime" : 55.0,
    "pct1ResTime" : 5.899999999999999,
    "pct2ResTime" : 9.699999999999974,
    "pct3ResTime" : 55.0,
    "throughput" : 1.1448983330280271,
    "receivedKBytesPerSec" : 4.1502564572265985,
    "sentKBytesPerSec" : 0.28175232414361606
  },
  "Main Catalog" : {
    "transaction" : "Main Catalog",
    "sampleCount" : 125,
    "errorCount" : 0,
    "errorPct" : 0.0,
    "meanResTime" : 3.1439999999999997,
    "medianResTime" : 2.0,
    "minResTime" : 0.0,
    "maxResTime" : 56.0,
    "pct1ResTime" : 4.400000000000006,
    "pct2ResTime" : 6.699999999999989,
    "pct3ResTime" : 54.179999999999964,
    "throughput" : 2.26223871142883,
    "receivedKBytesPerSec" : 11.085853372997919,
    "sentKBytesPerSec" : 0.9857528447651795
  },
  "Birds" : {
    "transaction" : "Birds",
    "sampleCount" : 25,
    "errorCount" : 0,
    "errorPct" : 0.0,
    "meanResTime" : 3.0000000000000004,
    "medianResTime" : 2.0,
    "minResTime" : 1.0,
    "maxResTime" : 13.0,
    "pct1ResTime" : 7.0,
    "pct2ResTime" : 11.199999999999996,
    "pct3ResTime" : 13.0,
    "throughput" : 2.6480245736680437,
    "receivedKBytesPerSec" : 9.593917156551212,
    "sentKBytesPerSec" : 0.643904412932952
  },
  "Login" : {
    "transaction" : "Login",
    "sampleCount" : 125,
    "errorCount" : 0,
    "errorPct" : 0.0,
    "meanResTime" : 8.52,
    "medianResTime" : 4.0,
    "minResTime" : 2.0,
    "maxResTime" : 176.0,
    "pct1ResTime" : 13.0,
    "pct2ResTime" : 24.499999999999943,
    "pct3ResTime" : 145.57999999999942,
    "throughput" : 2.2709105442918394,
    "receivedKBytesPerSec" : 11.669464144593416,
    "sentKBytesPerSec" : 3.568256900161689
  },
  "Login-0" : {
    "transaction" : "Login-0",
    "sampleCount" : 125,
    "errorCount" : 0,
    "errorPct" : 0.0,
    "meanResTime" : 3.7120000000000015,
    "medianResTime" : 2.0,
    "minResTime" : 1.0,
    "maxResTime" : 57.0,
    "pct1ResTime" : 5.400000000000006,
    "pct2ResTime" : 11.099999999999966,
    "pct3ResTime" : 54.91999999999996,
    "throughput" : 2.271075581395349,
    "receivedKBytesPerSec" : 0.42804451875908434,
    "sentKBytesPerSec" : 2.0670336346293605
  },
  "Login-1" : {
    "transaction" : "Login-1",
    "sampleCount" : 125,
    "errorCount" : 0,
    "errorPct" : 0.0,
    "meanResTime" : 4.744,
    "medianResTime" : 2.0,
    "minResTime" : 0.0,
    "maxResTime" : 172.0,
    "pct1ResTime" : 9.0,
    "pct2ResTime" : 12.0,
    "pct3ResTime" : 134.55999999999926,
    "throughput" : 2.271075581395349,
    "receivedKBytesPerSec" : 11.242267697356468,
    "sentKBytesPerSec" : 1.5014825865279797
  },
  "Home-0" : {
    "transaction" : "Home-0",
    "sampleCount" : 125,
    "errorCount" : 0,
    "errorPct" : 0.0,
    "meanResTime" : 1.6479999999999995,
    "medianResTime" : 1.0,
    "minResTime" : 0.0,
    "maxResTime" : 24.0,
    "pct1ResTime" : 3.0,
    "pct2ResTime" : 4.699999999999989,
    "pct3ResTime" : 22.179999999999964,
    "throughput" : 2.2627710799753813,
    "receivedKBytesPerSec" : 0.3226216578871149,
    "sentKBytesPerSec" : 0.4004044137612686
  },
  "Home-1" : {
    "transaction" : "Home-1",
    "sampleCount" : 125,
    "errorCount" : 0,
    "errorPct" : 0.0,
    "meanResTime" : 6.712,
    "medianResTime" : 1.0,
    "minResTime" : 0.0,
    "maxResTime" : 619.0,
    "pct1ResTime" : 4.400000000000006,
    "pct2ResTime" : 8.0,
    "pct3ResTime" : 461.1799999999969,
    "throughput" : 2.262853005068791,
    "receivedKBytesPerSec" : 2.9854632908671253,
    "sentKBytesPerSec" : 0.40262872805032585
  },
  "Total" : {
    "transaction" : "Total",
    "sampleCount" : 1500,
    "errorCount" : 0,
    "errorPct" : 0.0,
    "meanResTime" : 7.037999999999999,
    "medianResTime" : 2.0,
    "minResTime" : 0.0,
    "maxResTime" : 975.0,
    "pct1ResTime" : 7.0,
    "pct2ResTime" : 12.0,
    "pct3ResTime" : 56.0,
    "throughput" : 23.08082906337996,
    "receivedKBytesPerSec" : 69.38714808948437,
    "sentKBytesPerSec" : 13.81241861603502
  },
  "Dogs" : {
    "transaction" : "Dogs",
    "sampleCount" : 50,
    "errorCount" : 0,
    "errorPct" : 0.0,
    "meanResTime" : 3.959999999999999,
    "medianResTime" : 2.0,
    "minResTime" : 1.0,
    "maxResTime" : 30.0,
    "pct1ResTime" : 9.899999999999999,
    "pct2ResTime" : 17.04999999999996,
    "pct3ResTime" : 30.0,
    "throughput" : 1.1437983254792514,
    "receivedKBytesPerSec" : 4.798591412362172,
    "sentKBytesPerSec" : 0.27701365695200625
  },
  "Sign In" : {
    "transaction" : "Sign In",
    "sampleCount" : 125,
    "errorCount" : 0,
    "errorPct" : 0.0,
    "meanResTime" : 3.128,
    "medianResTime" : 2.0,
    "minResTime" : 1.0,
    "maxResTime" : 35.0,
    "pct1ResTime" : 5.400000000000006,
    "pct2ResTime" : 9.699999999999989,
    "pct3ResTime" : 32.659999999999954,
    "throughput" : 2.2652724669723274,
    "receivedKBytesPerSec" : 8.678241123529839,
    "sentKBytesPerSec" : 1.3206715456860152
  },
  "Sign Out" : {
    "transaction" : "Sign Out",
    "sampleCount" : 125,
    "errorCount" : 0,
    "errorPct" : 0.0,
    "meanResTime" : 20.48,
    "medianResTime" : 4.0,
    "minResTime" : 1.0,
    "maxResTime" : 975.0,
    "pct1ResTime" : 13.0,
    "pct2ResTime" : 25.399999999999864,
    "pct3ResTime" : 908.1799999999987,
    "throughput" : 2.271983714420735,
    "receivedKBytesPerSec" : 11.689267461330838,
    "sentKBytesPerSec" : 2.347189925342615
  },
  "Sign Out-0" : {
    "transaction" : "Sign Out-0",
    "sampleCount" : 125,
    "errorCount" : 0,
    "errorPct" : 0.0,
    "meanResTime" : 2.504000000000001,
    "medianResTime" : 2.0,
    "minResTime" : 0.0,
    "maxResTime" : 48.0,
    "pct1ResTime" : 4.0,
    "pct2ResTime" : 5.0,
    "pct3ResTime" : 41.23999999999987,
    "throughput" : 2.272025010451315,
    "receivedKBytesPerSec" : 0.7388518832815312,
    "sentKBytesPerSec" : 1.1848255425595724
  },
  "Home" : {
    "transaction" : "Home",
    "sampleCount" : 125,
    "errorCount" : 0,
    "errorPct" : 0.0,
    "meanResTime" : 8.464,
    "medianResTime" : 2.0,
    "minResTime" : 0.0,
    "maxResTime" : 619.0,
    "pct1ResTime" : 8.0,
    "pct2ResTime" : 12.0,
    "pct3ResTime" : 467.419999999997,
    "throughput" : 2.2627710799753813,
    "receivedKBytesPerSec" : 3.3079768620343217,
    "sentKBytesPerSec" : 0.8030185649053257
  },
  "Sign Out-1" : {
    "transaction" : "Sign Out-1",
    "sampleCount" : 125,
    "errorCount" : 0,
    "errorPct" : 0.0,
    "meanResTime" : 17.744000000000003,
    "medianResTime" : 2.0,
    "minResTime" : 0.0,
    "maxResTime" : 974.0,
    "pct1ResTime" : 8.0,
    "pct2ResTime" : 13.699999999999989,
    "pct3ResTime" : 907.1799999999987,
    "throughput" : 2.272025010451315,
    "receivedKBytesPerSec" : 10.950628044513513,
    "sentKBytesPerSec" : 1.16240704577676
  }
}